Date,District,LST,SSM,NDVI
2018-01-01,Agar Malwa,,,2732.24
2018-01-17,Agar Malwa,,,2732.24
2018-01-31,Agar Malwa,,2732.24,
2018-02-02,Agar Malwa,,,2732.24
2018-02-18,Agar Malwa,,,2732.24
2018-02-28,Agar Malwa,,2732.24,
2018-03-06,Agar Malwa,,,2732.24
2018-03-22,Agar Malwa,,,2732.24
2018-04-07,Agar Malwa,,,2732.24
2018-04-23,Agar Malwa,,,2732.24
2018-04-30,Agar Malwa,,2732.24,
2018-05-09,Agar Malwa,,,2732.24
2018-05-25,Agar Malwa,,,2732.24
2018-05-31,Agar Malwa,,2732.24,
2018-06-10,Agar Malwa,,,2732.24
2018-06-26,Agar Malwa,,,2732.24
2018-06-30,Agar Malwa,,2732.24,
2018-07-31,Agar Malwa,,2732.24,
2018-08-31,Agar Malwa,,2732.24,
2018-09-30,Agar Malwa,,2732.24,
2018-10-31,Agar Malwa,,2732.24,
2018-11-30,Agar Malwa,,2732.24,
2018-12-31,Agar Malwa,,2732.24,
2018-01-01,Alirajpur,,,3336.86
2018-01-17,Alirajpur,,,3336.86
2018-01-31,Alirajpur,,3336.86,
2018-02-02,Alirajpur,,,3336.86
2018-02-18,Alirajpur,,,3336.86
2018-02-28,Alirajpur,,3336.86,
2018-03-06,Alirajpur,,,3336.86
2018-03-22,Alirajpur,,,3336.86
2018-04-07,Alirajpur,,,3336.86
2018-04-23,Alirajpur,,,3336.86
2018-04-30,Alirajpur,,3336.86,
2018-05-09,Alirajpur,,,3336.86
2018-05-25,Alirajpur,,,3336.86
2018-05-31,Alirajpur,,3336.86,
2018-06-10,Alirajpur,,,3336.86
2018-06-26,Alirajpur,,,3336.86
2018-06-30,Alirajpur,,3336.86,
2018-07-31,Alirajpur,,3336.86,
2018-08-31,Alirajpur,,3336.86,
2018-09-30,Alirajpur,,3336.86,
2018-10-31,Alirajpur,,3336.86,
2018-11-30,Alirajpur,,3336.86,
2018-12-31,Alirajpur,,3336.86,
2018-01-01,Anuppur,,,3773.49
2018-01-17,Anuppur,,,3773.49
2018-01-31,Anuppur,,3773.49,
2018-02-02,Anuppur,,,3773.49
2018-02-18,Anuppur,,,3773.49
2018-02-28,Anuppur,,3773.49,
2018-03-06,Anuppur,,,3773.49
2018-03-22,Anuppur,,,3773.49
2018-04-07,Anuppur,,,3773.49
2018-04-23,Anuppur,,,3773.49
2018-04-30,Anuppur,,3773.49,
2018-05-09,Anuppur,,,3773.49
2018-05-25,Anuppur,,,3773.49
2018-05-31,Anuppur,,3773.49,
2018-06-10,Anuppur,,,3773.49
2018-06-26,Anuppur,,,3773.49
2018-06-30,Anuppur,,3773.49,
2018-07-31,Anuppur,,3773.49,
2018-08-31,Anuppur,,3773.49,
2018-09-30,Anuppur,,3773.49,
2018-10-31,Anuppur,,3773.49,
2018-11-30,Anuppur,,3773.49,
2018-12-31,Anuppur,,3773.49,
2018-01-31,Araria,2790.366,,
2018-02-28,Araria,2790.366,,
2018-03-31,Araria,2790.366,,
2018-04-30,Araria,2790.366,,
2018-05-31,Araria,2790.366,,
2018-06-30,Araria,2790.366,,
2018-07-31,Araria,2790.366,,
2018-08-31,Araria,2790.366,,
2018-09-30,Araria,2790.366,,
2018-10-31,Araria,2790.366,,
2018-11-30,Araria,2790.366,,
2018-12-31,Araria,2790.366,,
2018-01-31,Arwal,637.821,,
2018-02-28,Arwal,637.821,,
2018-03-31,Arwal,637.821,,
2018-04-30,Arwal,637.821,,
2018-05-31,Arwal,637.821,,
2018-06-30,Arwal,637.821,,
2018-07-31,Arwal,637.821,,
2018-08-31,Arwal,637.821,,
2018-09-30,Arwal,637.821,,
2018-10-31,Arwal,637.821,,
2018-11-30,Arwal,637.821,,
2018-12-31,Arwal,637.821,,
2018-01-01,Ashoknagar,,,4736.42
2018-01-17,Ashoknagar,,,4736.42
2018-01-31,Ashoknagar,,4736.42,
2018-02-02,Ashoknagar,,,4736.42
2018-02-18,Ashoknagar,,,4736.42
2018-02-28,Ashoknagar,,4736.42,
2018-03-06,Ashoknagar,,,4736.42
2018-03-22,Ashoknagar,,,4736.42
2018-04-07,Ashoknagar,,,4736.42
2018-04-23,Ashoknagar,,,4736.42
2018-04-30,Ashoknagar,,4736.42,
2018-05-09,Ashoknagar,,,4736.42
2018-05-25,Ashoknagar,,,4736.42
2018-05-31,Ashoknagar,,4736.42,
2018-06-10,Ashoknagar,,,4736.42
2018-06-26,Ashoknagar,,,4736.42
2018-06-30,Ashoknagar,,4736.42,
2018-07-31,Ashoknagar,,4736.42,
2018-08-31,Ashoknagar,,4736.42,
2018-09-30,Ashoknagar,,4736.42,
2018-10-31,Ashoknagar,,4736.42,
2018-11-30,Ashoknagar,,4736.42,
2018-12-31,Ashoknagar,,4736.42,
2018-01-31,Aurangabad,3306.116,,
2018-02-28,Aurangabad,3306.116,,
2018-03-31,Aurangabad,3306.116,,
2018-04-30,Aurangabad,3306.116,,
2018-05-31,Aurangabad,3306.116,,
2018-06-30,Aurangabad,3306.116,,
2018-07-31,Aurangabad,3306.116,,
2018-08-31,Aurangabad,3306.116,,
2018-09-30,Aurangabad,3306.116,,
2018-10-31,Aurangabad,3306.116,,
2018-11-30,Aurangabad,3306.116,,
2018-12-31,Aurangabad,3306.116,,
2018-01-01,Balaghat,,,9249.32
2018-01-17,Balaghat,,,9249.32
2018-01-31,Balaghat,,9249.32,
2018-02-02,Balaghat,,,9249.32
2018-02-18,Balaghat,,,9249.32
2018-02-28,Balaghat,,9249.32,
2018-03-06,Balaghat,,,9249.32
2018-03-22,Balaghat,,,9249.32
2018-04-07,Balaghat,,,9249.32
2018-04-23,Balaghat,,,9249.32
2018-04-30,Balaghat,,9249.32,
2018-05-09,Balaghat,,,9249.32
2018-05-25,Balaghat,,,9249.32
2018-05-31,Balaghat,,9249.32,
2018-06-10,Balaghat,,,9249.32
2018-06-26,Balaghat,,,9249.32
2018-06-30,Balaghat,,9249.32,
2018-07-31,Balaghat,,9249.32,
2018-08-31,Balaghat,,9249.32,
2018-09-30,Balaghat,,9249.32,
2018-10-31,Balaghat,,9249.32,
2018-11-30,Balaghat,,9249.32,
2018-12-31,Balaghat,,9249.32,
2018-01-31,Banka,3025.641,,
2018-02-28,Banka,3025.641,,
2018-03-31,Banka,3025.641,,
2018-04-30,Banka,3025.641,,
2018-05-31,Banka,3025.641,,
2018-06-30,Banka,3025.641,,
2018-07-31,Banka,3025.641,,
2018-08-31,Banka,3025.641,,
2018-09-30,Banka,3025.641,,
2018-10-31,Banka,3025.641,,
2018-11-30,Banka,3025.641,,
2018-12-31,Banka,3025.641,,
2018-01-01,Barwani,,,5428.96
2018-01-17,Barwani,,,5428.96
2018-01-31,Barwani,,5428.96,
2018-02-02,Barwani,,,5428.96
2018-02-18,Barwani,,,5428.96
2018-02-28,Barwani,,5428.96,
2018-03-06,Barwani,,,5428.96
2018-03-22,Barwani,,,5428.96
2018-04-07,Barwani,,,5428.96
2018-04-23,Barwani,,,5428.96
2018-04-30,Barwani,,5428.96,
2018-05-09,Barwani,,,5428.96
2018-05-25,Barwani,,,5428.96
2018-05-31,Barwani,,5428.96,
2018-06-10,Barwani,,,5428.96
2018-06-26,Barwani,,,5428.96
2018-06-30,Barwani,,5428.96,
2018-07-31,Barwani,,5428.96,
2018-08-31,Barwani,,5428.96,
2018-09-30,Barwani,,5428.96,
2018-10-31,Barwani,,5428.96,
2018-11-30,Barwani,,5428.96,
2018-12-31,Barwani,,5428.96,
2018-01-31,Begusarai,1922.988,,
2018-02-28,Begusarai,1922.988,,
2018-03-31,Begusarai,1922.988,,
2018-04-30,Begusarai,1922.988,,
2018-05-31,Begusarai,1922.988,,
2018-06-30,Begusarai,1922.988,,
2018-07-31,Begusarai,1922.988,,
2018-08-31,Begusarai,1922.988,,
2018-09-30,Begusarai,1922.988,,
2018-10-31,Begusarai,1922.988,,
2018-11-30,Begusarai,1922.988,,
2018-12-31,Begusarai,1922.988,,
2018-01-01,Betul,,,10053.46
2018-01-17,Betul,,,10053.46
2018-01-31,Betul,,10053.46,
2018-02-02,Betul,,,10053.46
2018-02-18,Betul,,,10053.46
2018-02-28,Betul,,10053.46,
2018-03-06,Betul,,,10053.46
2018-03-22,Betul,,,10053.46
2018-04-07,Betul,,,10053.46
2018-04-23,Betul,,,10053.46
2018-04-30,Betul,,10053.46,
2018-05-09,Betul,,,10053.46
2018-05-25,Betul,,,10053.46
2018-05-31,Betul,,10053.46,
2018-06-10,Betul,,,10053.46
2018-06-26,Betul,,,10053.46
2018-06-30,Betul,,10053.46,
2018-07-31,Betul,,10053.46,
2018-08-31,Betul,,10053.46,
2018-09-30,Betul,,10053.46,
2018-10-31,Betul,,10053.46,
2018-11-30,Betul,,10053.46,
2018-12-31,Betul,,10053.46,
2018-01-31,Bhagalpur,2556.556,,
2018-02-28,Bhagalpur,2556.556,,
2018-03-31,Bhagalpur,2556.556,,
2018-04-30,Bhagalpur,2556.556,,
2018-05-31,Bhagalpur,2556.556,,
2018-06-30,Bhagalpur,2556.556,,
2018-07-31,Bhagalpur,2556.556,,
2018-08-31,Bhagalpur,2556.556,,
2018-09-30,Bhagalpur,2556.556,,
2018-10-31,Bhagalpur,2556.556,,
2018-11-30,Bhagalpur,2556.556,,
2018-12-31,Bhagalpur,2556.556,,
2018-01-01,Bhind,,,4462.78
2018-01-17,Bhind,,,4462.78
2018-01-31,Bhind,,4462.78,
2018-02-02,Bhind,,,4462.78
2018-02-18,Bhind,,,4462.78
2018-02-28,Bhind,,4462.78,
2018-03-06,Bhind,,,4462.78
2018-03-22,Bhind,,,4462.78
2018-04-07,Bhind,,,4462.78
2018-04-23,Bhind,,,4462.78
2018-04-30,Bhind,,4462.78,
2018-05-09,Bhind,,,4462.78
2018-05-25,Bhind,,,4462.78
2018-05-31,Bhind,,4462.78,
2018-06-10,Bhind,,,4462.78
2018-06-26,Bhind,,,4462.78
2018-06-30,Bhind,,4462.78,
2018-07-31,Bhind,,4462.78,
2018-08-31,Bhind,,4462.78,
2018-09-30,Bhind,,4462.78,
2018-10-31,Bhind,,4462.78,
2018-11-30,Bhind,,4462.78,
2018-12-31,Bhind,,4462.78,
2018-01-31,Bhojpur,2389.738,,
2018-02-28,Bhojpur,2389.738,,
2018-03-31,Bhojpur,2389.738,,
2018-04-30,Bhojpur,2389.738,,
2018-05-31,Bhojpur,2389.738,,
2018-06-30,Bhojpur,2389.738,,
2018-07-31,Bhojpur,2389.738,,
2018-08-31,Bhojpur,2389.738,,
2018-09-30,Bhojpur,2389.738,,
2018-10-31,Bhojpur,2389.738,,
2018-11-30,Bhojpur,2389.738,,
2018-12-31,Bhojpur,2389.738,,
2018-01-01,Bhopal,,,2767.36
2018-01-17,Bhopal,,,2767.36
2018-01-31,Bhopal,,2767.36,
2018-02-02,Bhopal,,,2767.36
2018-02-18,Bhopal,,,2767.36
2018-02-28,Bhopal,,2767.36,
2018-03-06,Bhopal,,,2767.36
2018-03-22,Bhopal,,,2767.36
2018-04-07,Bhopal,,,2767.36
2018-04-23,Bhopal,,,2767.36
2018-04-30,Bhopal,,2767.36,
2018-05-09,Bhopal,,,2767.36
2018-05-25,Bhopal,,,2767.36
2018-05-31,Bhopal,,2767.36,
2018-06-10,Bhopal,,,2767.36
2018-06-26,Bhopal,,,2767.36
2018-06-30,Bhopal,,2767.36,
2018-07-31,Bhopal,,2767.36,
2018-08-31,Bhopal,,2767.36,
2018-09-30,Bhopal,,2767.36,
2018-10-31,Bhopal,,2767.36,
2018-11-30,Bhopal,,2767.36,
2018-12-31,Bhopal,,2767.36,
2018-01-01,Burhanpur,,,3225.11
2018-01-17,Burhanpur,,,3225.11
2018-01-31,Burhanpur,,3225.11,
2018-02-02,Burhanpur,,,3225.11
2018-02-18,Burhanpur,,,3225.11
2018-02-28,Burhanpur,,3225.11,
2018-03-06,Burhanpur,,,3225.11
2018-03-22,Burhanpur,,,3225.11
2018-04-07,Burhanpur,,,3225.11
2018-04-23,Burhanpur,,,3225.11
2018-04-30,Burhanpur,,3225.11,
2018-05-09,Burhanpur,,,3225.11
2018-05-25,Burhanpur,,,3225.11
2018-05-31,Burhanpur,,3225.11,
2018-06-10,Burhanpur,,,3225.11
2018-06-26,Burhanpur,,,3225.11
2018-06-30,Burhanpur,,3225.11,
2018-07-31,Burhanpur,,3225.11,
2018-08-31,Burhanpur,,3225.11,
2018-09-30,Burhanpur,,3225.11,
2018-10-31,Burhanpur,,3225.11,
2018-11-30,Burhanpur,,3225.11,
2018-12-31,Burhanpur,,3225.11,
2018-01-31,Buxar,1700.678,,
2018-02-28,Buxar,1700.678,,
2018-03-31,Buxar,1700.678,,
2018-04-30,Buxar,1700.678,,
2018-05-31,Buxar,1700.678,,
2018-06-30,Buxar,1700.678,,
2018-07-31,Buxar,1700.678,,
2018-08-31,Buxar,1700.678,,
2018-09-30,Buxar,1700.678,,
2018-10-31,Buxar,1700.678,,
2018-11-30,Buxar,1700.678,,
2018-12-31,Buxar,1700.678,,
2018-01-01,Chhatarpur,,,8677.2
2018-01-17,Chhatarpur,,,8677.2
2018-01-31,Chhatarpur,,8677.2,
2018-02-02,Chhatarpur,,,8677.2
2018-02-18,Chhatarpur,,,8677.2
2018-02-28,Chhatarpur,,8677.2,
2018-03-06,Chhatarpur,,,8677.2
2018-03-22,Chhatarpur,,,8677.2
2018-04-07,Chhatarpur,,,8677.2
2018-04-23,Chhatarpur,,,8677.2
2018-04-30,Chhatarpur,,8677.2,
2018-05-09,Chhatarpur,,,8677.2
2018-05-25,Chhatarpur,,,8677.2
2018-05-31,Chhatarpur,,8677.2,
2018-06-10,Chhatarpur,,,8677.2
2018-06-26,Chhatarpur,,,8677.2
2018-06-30,Chhatarpur,,8677.2,
2018-07-31,Chhatarpur,,8677.2,
2018-08-31,Chhatarpur,,8677.2,
2018-09-30,Chhatarpur,,8677.2,
2018-10-31,Chhatarpur,,8677.2,
2018-11-30,Chhatarpur,,8677.2,
2018-12-31,Chhatarpur,,8677.2,
2018-01-01,Chhindwara,,,11811.12
2018-01-17,Chhindwara,,,11811.12
2018-01-31,Chhindwara,,11811.12,
2018-02-02,Chhindwara,,,11811.12
2018-02-18,Chhindwara,,,11811.12
2018-02-28,Chhindwara,,11811.12,
2018-03-06,Chhindwara,,,11811.12
2018-03-22,Chhindwara,,,11811.12
2018-04-07,Chhindwara,,,11811.12
2018-04-23,Chhindwara,,,11811.12
2018-04-30,Chhindwara,,11811.12,
2018-05-09,Chhindwara,,,11811.12
2018-05-25,Chhindwara,,,11811.12
2018-05-31,Chhindwara,,11811.12,
2018-06-10,Chhindwara,,,11811.12
2018-06-26,Chhindwara,,,11811.12
2018-06-30,Chhindwara,,11811.12,
2018-07-31,Chhindwara,,11811.12,
2018-08-31,Chhindwara,,11811.12,
2018-09-30,Chhindwara,,11811.12,
2018-10-31,Chhindwara,,11811.12,
2018-11-30,Chhindwara,,11811.12,
2018-12-31,Chhindwara,,11811.12,
2018-01-01,Damoh,,,7302.94
2018-01-17,Damoh,,,7302.94
2018-01-31,Damoh,,7302.94,
2018-02-02,Damoh,,,7302.94
2018-02-18,Damoh,,,7302.94
2018-02-28,Damoh,,7302.94,
2018-03-06,Damoh,,,7302.94
2018-03-22,Damoh,,,7302.94
2018-04-07,Damoh,,,7302.94
2018-04-23,Damoh,,,7302.94
2018-04-30,Damoh,,7302.94,
2018-05-09,Damoh,,,7302.94
2018-05-25,Damoh,,,7302.94
2018-05-31,Damoh,,7302.94,
2018-06-10,Damoh,,,7302.94
2018-06-26,Damoh,,,7302.94
2018-06-30,Damoh,,7302.94,
2018-07-31,Damoh,,7302.94,
2018-08-31,Damoh,,7302.94,
2018-09-30,Damoh,,7302.94,
2018-10-31,Damoh,,7302.94,
2018-11-30,Damoh,,7302.94,
2018-12-31,Damoh,,7302.94,
2018-01-31,Darbhanga,2517.44,,
2018-02-28,Darbhanga,2517.44,,
2018-03-31,Darbhanga,2517.44,,
2018-04-30,Darbhanga,2517.44,,
2018-05-31,Darbhanga,2517.44,,
2018-06-30,Darbhanga,2517.44,,
2018-07-31,Darbhanga,2517.44,,
2018-08-31,Darbhanga,2517.44,,
2018-09-30,Darbhanga,2517.44,,
2018-10-31,Darbhanga,2517.44,,
2018-11-30,Darbhanga,2517.44,,
2018-12-31,Darbhanga,2517.44,,
2018-01-01,Datia,,,2686.62
2018-01-17,Datia,,,2686.62
2018-01-31,Datia,,2686.62,
2018-02-02,Datia,,,2686.62
2018-02-18,Datia,,,2686.62
2018-02-28,Datia,,2686.62,
2018-03-06,Datia,,,2686.62
2018-03-22,Datia,,,2686.62
2018-04-07,Datia,,,2686.62
2018-04-23,Datia,,,2686.62
2018-04-30,Datia,,2686.62,
2018-05-09,Datia,,,2686.62
2018-05-25,Datia,,,2686.62
2018-05-31,Datia,,2686.62,
2018-06-10,Datia,,,2686.62
2018-06-26,Datia,,,2686.62
2018-06-30,Datia,,2686.62,
2018-07-31,Datia,,2686.62,
2018-08-31,Datia,,2686.62,
2018-09-30,Datia,,2686.62,
2018-10-31,Datia,,2686.62,
2018-11-30,Datia,,2686.62,
2018-12-31,Datia,,2686.62,
2018-01-01,Dewas,,,7012.28
2018-01-17,Dewas,,,7012.28
2018-01-31,Dewas,,7012.28,
2018-02-02,Dewas,,,7012.28
2018-02-18,Dewas,,,7012.28
2018-02-28,Dewas,,7012.28,
2018-03-06,Dewas,,,7012.28
2018-03-22,Dewas,,,7012.28
2018-04-07,Dewas,,,7012.28
2018-04-23,Dewas,,,7012.28
2018-04-30,Dewas,,7012.28,
2018-05-09,Dewas,,,7012.28
2018-05-25,Dewas,,,7012.28
2018-05-31,Dewas,,7012.28,
2018-06-10,Dewas,,,7012.28
2018-06-26,Dewas,,,7012.28
2018-06-30,Dewas,,7012.28,
2018-07-31,Dewas,,7012.28,
2018-08-31,Dewas,,7012.28,
2018-09-30,Dewas,,7012.28,
2018-10-31,Dewas,,7012.28,
2018-11-30,Dewas,,7012.28,
2018-12-31,Dewas,,7012.28,
2018-01-01,Dhar,,,8156.39
2018-01-17,Dhar,,,8156.39
2018-01-31,Dhar,,8156.39,
2018-02-02,Dhar,,,8156.39
2018-02-18,Dhar,,,8156.39
2018-02-28,Dhar,,8156.39,
2018-03-06,Dhar,,,8156.39
2018-03-22,Dhar,,,8156.39
2018-04-07,Dhar,,,8156.39
2018-04-23,Dhar,,,8156.39
2018-04-30,Dhar,,8156.39,
2018-05-09,Dhar,,,8156.39
2018-05-25,Dhar,,,8156.39
2018-05-31,Dhar,,8156.39,
2018-06-10,Dhar,,,8156.39
2018-06-26,Dhar,,,8156.39
2018-06-30,Dhar,,8156.39,
2018-07-31,Dhar,,8156.39,
2018-08-31,Dhar,,8156.39,
2018-09-30,Dhar,,8156.39,
2018-10-31,Dhar,,8156.39,
2018-11-30,Dhar,,8156.39,
2018-12-31,Dhar,,8156.39,
2018-01-01,Dindori,,,5745.93
2018-01-17,Dindori,,,5745.93
2018-01-31,Dindori,,5745.93,
2018-02-02,Dindori,,,5745.93
2018-02-18,Dindori,,,5745.93
2018-02-28,Dindori,,5745.93,
2018-03-06,Dindori,,,5745.93
2018-03-22,Dindori,,,5745.93
2018-04-07,Dindori,,,5745.93
2018-04-23,Dindori,,,5745.93
2018-04-30,Dindori,,5745.93,
2018-05-09,Dindori,,,5745.93
2018-05-25,Dindori,,,5745.93
2018-05-31,Dindori,,5745.93,
2018-06-10,Dindori,,,5745.93
2018-06-26,Dindori,,,5745.93
2018-06-30,Dindori,,5745.93,
2018-07-31,Dindori,,5745.93,
2018-08-31,Dindori,,5745.93,
2018-09-30,Dindori,,5745.93,
2018-10-31,Dindori,,5745.93,
2018-11-30,Dindori,,5745.93,
2018-12-31,Dindori,,5745.93,
2018-01-01,East Nimar,,,7469.61
2018-01-17,East Nimar,,,7469.61
2018-01-31,East Nimar,,7469.61,
2018-02-02,East Nimar,,,7469.61
2018-02-18,East Nimar,,,7469.61
2018-02-28,East Nimar,,7469.61,
2018-03-06,East Nimar,,,7469.61
2018-03-22,East Nimar,,,7469.61
2018-04-07,East Nimar,,,7469.61
2018-04-23,East Nimar,,,7469.61
2018-04-30,East Nimar,,7469.61,
2018-05-09,East Nimar,,,7469.61
2018-05-25,East Nimar,,,7469.61
2018-05-31,East Nimar,,7469.61,
2018-06-10,East Nimar,,,7469.61
2018-06-26,East Nimar,,,7469.61
2018-06-30,East Nimar,,7469.61,
2018-07-31,East Nimar,,7469.61,
2018-08-31,East Nimar,,7469.61,
2018-09-30,East Nimar,,7469.61,
2018-10-31,East Nimar,,7469.61,
2018-11-30,East Nimar,,7469.61,
2018-12-31,East Nimar,,7469.61,
2018-01-31,Gaya,4968.407,,
2018-02-28,Gaya,4968.407,,
2018-03-31,Gaya,4968.407,,
2018-04-30,Gaya,4968.407,,
2018-05-31,Gaya,4968.407,,
2018-06-30,Gaya,4968.407,,
2018-07-31,Gaya,4968.407,,
2018-08-31,Gaya,4968.407,,
2018-09-30,Gaya,4968.407,,
2018-10-31,Gaya,4968.407,,
2018-11-30,Gaya,4968.407,,
2018-12-31,Gaya,4968.407,,
2018-01-31,Gopalganj,2036.443,,
2018-02-28,Gopalganj,2036.443,,
2018-03-31,Gopalganj,2036.443,,
2018-04-30,Gopalganj,2036.443,,
2018-05-31,Gopalganj,2036.443,,
2018-06-30,Gopalganj,2036.443,,
2018-07-31,Gopalganj,2036.443,,
2018-08-31,Gopalganj,2036.443,,
2018-09-30,Gopalganj,2036.443,,
2018-10-31,Gopalganj,2036.443,,
2018-11-30,Gopalganj,2036.443,,
2018-12-31,Gopalganj,2036.443,,
2018-01-01,Guna,,,6380.53
2018-01-17,Guna,,,6380.53
2018-01-31,Guna,,6380.53,
2018-02-02,Guna,,,6380.53
2018-02-18,Guna,,,6380.53
2018-02-28,Guna,,6380.53,
2018-03-06,Guna,,,6380.53
2018-03-22,Guna,,,6380.53
2018-04-07,Guna,,,6380.53
2018-04-23,Guna,,,6380.53
2018-04-30,Guna,,6380.53,
2018-05-09,Guna,,,6380.53
2018-05-25,Guna,,,6380.53
2018-05-31,Guna,,6380.53,
2018-06-10,Guna,,,6380.53
2018-06-26,Guna,,,6380.53
2018-06-30,Guna,,6380.53,
2018-07-31,Guna,,6380.53,
2018-08-31,Guna,,6380.53,
2018-09-30,Guna,,6380.53,
2018-10-31,Guna,,6380.53,
2018-11-30,Guna,,6380.53,
2018-12-31,Guna,,6380.53,
2018-01-01,Gwalior,,,4563.25
2018-01-17,Gwalior,,,4563.25
2018-01-31,Gwalior,,4563.25,
2018-02-02,Gwalior,,,4563.25
2018-02-18,Gwalior,,,4563.25
2018-02-28,Gwalior,,4563.25,
2018-03-06,Gwalior,,,4563.25
2018-03-22,Gwalior,,,4563.25
2018-04-07,Gwalior,,,4563.25
2018-04-23,Gwalior,,,4563.25
2018-04-30,Gwalior,,4563.25,
2018-05-09,Gwalior,,,4563.25
2018-05-25,Gwalior,,,4563.25
2018-05-31,Gwalior,,4563.25,
2018-06-10,Gwalior,,,4563.25
2018-06-26,Gwalior,,,4563.25
2018-06-30,Gwalior,,4563.25,
2018-07-31,Gwalior,,4563.25,
2018-08-31,Gwalior,,4563.25,
2018-09-30,Gwalior,,4563.25,
2018-10-31,Gwalior,,4563.25,
2018-11-30,Gwalior,,4563.25,
2018-12-31,Gwalior,,4563.25,
2018-01-01,Harda,,,3341.42
2018-01-17,Harda,,,3341.42
2018-01-31,Harda,,3341.42,
2018-02-02,Harda,,,3341.42
2018-02-18,Harda,,,3341.42
2018-02-28,Harda,,3341.42,
2018-03-06,Harda,,,3341.42
2018-03-22,Harda,,,3341.42
2018-04-07,Harda,,,3341.42
2018-04-23,Harda,,,3341.42
2018-04-30,Harda,,3341.42,
2018-05-09,Harda,,,3341.42
2018-05-25,Harda,,,3341.42
2018-05-31,Harda,,3341.42,
2018-06-10,Harda,,,3341.42
2018-06-26,Harda,,,3341.42
2018-06-30,Harda,,3341.42,
2018-07-31,Harda,,3341.42,
2018-08-31,Harda,,3341.42,
2018-09-30,Harda,,3341.42,
2018-10-31,Harda,,3341.42,
2018-11-30,Harda,,3341.42,
2018-12-31,Harda,,3341.42,
2018-01-01,Indore,,,3908.18
2018-01-17,Indore,,,3908.18
2018-01-31,Indore,,3908.18,
2018-02-02,Indore,,,3908.18
2018-02-18,Indore,,,3908.18
2018-02-28,Indore,,3908.18,
2018-03-06,Indore,,,3908.18
2018-03-22,Indore,,,3908.18
2018-04-07,Indore,,,3908.18
2018-04-23,Indore,,,3908.18
2018-04-30,Indore,,3908.18,
2018-05-09,Indore,,,3908.18
2018-05-25,Indore,,,3908.18
2018-05-31,Indore,,3908.18,
2018-06-10,Indore,,,3908.18
2018-06-26,Indore,,,3908.18
2018-06-30,Indore,,3908.18,
2018-07-31,Indore,,3908.18,
2018-08-31,Indore,,3908.18,
2018-09-30,Indore,,3908.18,
2018-10-31,Indore,,3908.18,
2018-11-30,Indore,,3908.18,
2018-12-31,Indore,,3908.18,
2018-01-01,Jabalpur,,,5093.9
2018-01-17,Jabalpur,,,5093.9
2018-01-31,Jabalpur,,5093.9,
2018-02-02,Jabalpur,,,5093.9
2018-02-18,Jabalpur,,,5093.9
2018-02-28,Jabalpur,,5093.9,
2018-03-06,Jabalpur,,,5093.9
2018-03-22,Jabalpur,,,5093.9
2018-04-07,Jabalpur,,,5093.9
2018-04-23,Jabalpur,,,5093.9
2018-04-30,Jabalpur,,5093.9,
2018-05-09,Jabalpur,,,5093.9
2018-05-25,Jabalpur,,,5093.9
2018-05-31,Jabalpur,,5093.9,
2018-06-10,Jabalpur,,,5093.9
2018-06-26,Jabalpur,,,5093.9
2018-06-30,Jabalpur,,5093.9,
2018-07-31,Jabalpur,,5093.9,
2018-08-31,Jabalpur,,5093.9,
2018-09-30,Jabalpur,,5093.9,
2018-10-31,Jabalpur,,5093.9,
2018-11-30,Jabalpur,,5093.9,
2018-12-31,Jabalpur,,5093.9,
2018-01-31,Jamui,3101.24,,
2018-02-28,Jamui,3101.24,,
2018-03-31,Jamui,3101.24,,
2018-04-30,Jamui,3101.24,,
2018-05-31,Jamui,3101.24,,
2018-06-30,Jamui,3101.24,,
2018-07-31,Jamui,3101.24,,
2018-08-31,Jamui,3101.24,,
2018-09-30,Jamui,3101.24,,
2018-10-31,Jamui,3101.24,,
2018-11-30,Jamui,3101.24,,
2018-12-31,Jamui,3101.24,,
2018-01-31,Jehanabad,937.684,,
2018-02-28,Jehanabad,937.684,,
2018-03-31,Jehanabad,937.684,,
2018-04-30,Jehanabad,937.684,,
2018-05-31,Jehanabad,937.684,,
2018-06-30,Jehanabad,937.684,,
2018-07-31,Jehanabad,937.684,,
2018-08-31,Jehanabad,937.684,,
2018-09-30,Jehanabad,937.684,,
2018-10-31,Jehanabad,937.684,,
2018-11-30,Jehanabad,937.684,,
2018-12-31,Jehanabad,937.684,,
2018-01-01,Jhabua,,,3443.33
2018-01-17,Jhabua,,,3443.33
2018-01-31,Jhabua,,3443.33,
2018-02-02,Jhabua,,,3443.33
2018-02-18,Jhabua,,,3443.33
2018-02-28,Jhabua,,3443.33,
2018-03-06,Jhabua,,,3443.33
2018-03-22,Jhabua,,,3443.33
2018-04-07,Jhabua,,,3443.33
2018-04-23,Jhabua,,,3443.33
2018-04-30,Jhabua,,3443.33,
2018-05-09,Jhabua,,,3443.33
2018-05-25,Jhabua,,,3443.33
2018-05-31,Jhabua,,3443.33,
2018-06-10,Jhabua,,,3443.33
2018-06-26,Jhabua,,,3443.33
2018-06-30,Jhabua,,3443.33,
2018-07-31,Jhabua,,3443.33,
2018-08-31,Jhabua,,3443.33,
2018-09-30,Jhabua,,3443.33,
2018-10-31,Jhabua,,3443.33,
2018-11-30,Jhabua,,3443.33,
2018-12-31,Jhabua,,3443.33,
2018-01-31,Kaimur (Bhabua),3369.544,,
2018-02-28,Kaimur (Bhabua),3369.544,,
2018-03-31,Kaimur (Bhabua),3369.544,,
2018-04-30,Kaimur (Bhabua),3369.544,,
2018-05-31,Kaimur (Bhabua),3369.544,,
2018-06-30,Kaimur (Bhabua),3369.544,,
2018-07-31,Kaimur (Bhabua),3369.544,,
2018-08-31,Kaimur (Bhabua),3369.544,,
2018-09-30,Kaimur (Bhabua),3369.544,,
2018-10-31,Kaimur (Bhabua),3369.544,,
2018-11-30,Kaimur (Bhabua),3369.544,,
2018-12-31,Kaimur (Bhabua),3369.544,,
2018-01-31,Katihar,3044.012,,
2018-02-28,Katihar,3044.012,,
2018-03-31,Katihar,3044.012,,
2018-04-30,Katihar,3044.012,,
2018-05-31,Katihar,3044.012,,
2018-06-30,Katihar,3044.012,,
2018-07-31,Katihar,3044.012,,
2018-08-31,Katihar,3044.012,,
2018-09-30,Katihar,3044.012,,
2018-10-31,Katihar,3044.012,,
2018-11-30,Katihar,3044.012,,
2018-12-31,Katihar,3044.012,,
2018-01-01,Katni,,,5054.48
2018-01-17,Katni,,,5054.48
2018-01-31,Katni,,5054.48,
2018-02-02,Katni,,,5054.48
2018-02-18,Katni,,,5054.48
2018-02-28,Katni,,5054.48,
2018-03-06,Katni,,,5054.48
2018-03-22,Katni,,,5054.48
2018-04-07,Katni,,,5054.48
2018-04-23,Katni,,,5054.48
2018-04-30,Katni,,5054.48,
2018-05-09,Katni,,,5054.48
2018-05-25,Katni,,,5054.48
2018-05-31,Katni,,5054.48,
2018-06-10,Katni,,,5054.48
2018-06-26,Katni,,,5054.48
2018-06-30,Katni,,5054.48,
2018-07-31,Katni,,5054.48,
2018-08-31,Katni,,5054.48,
2018-09-30,Katni,,5054.48,
2018-10-31,Katni,,5054.48,
2018-11-30,Katni,,5054.48,
2018-12-31,Katni,,5054.48,
2018-01-31,Khagaria,1492.494,,
2018-02-28,Khagaria,1492.494,,
2018-03-31,Khagaria,1492.494,,
2018-04-30,Khagaria,1492.494,,
2018-05-31,Khagaria,1492.494,,
2018-06-30,Khagaria,1492.494,,
2018-07-31,Khagaria,1492.494,,
2018-08-31,Khagaria,1492.494,,
2018-09-30,Khagaria,1492.494,,
2018-10-31,Khagaria,1492.494,,
2018-11-30,Khagaria,1492.494,,
2018-12-31,Khagaria,1492.494,,
2018-01-01,Khargone,,,8026.52
2018-01-17,Khargone,,,8026.52
2018-01-31,Khargone,,8026.52,
2018-02-02,Khargone,,,8026.52
2018-02-18,Khargone,,,8026.52
2018-02-28,Khargone,,8026.52,
2018-03-06,Khargone,,,8026.52
2018-03-22,Khargone,,,8026.52
2018-04-07,Khargone,,,8026.52
2018-04-23,Khargone,,,8026.52
2018-04-30,Khargone,,8026.52,
2018-05-09,Khargone,,,8026.52
2018-05-25,Khargone,,,8026.52
2018-05-31,Khargone,,8026.52,
2018-06-10,Khargone,,,8026.52
2018-06-26,Khargone,,,8026.52
2018-06-30,Khargone,,8026.52,
2018-07-31,Khargone,,8026.52,
2018-08-31,Khargone,,8026.52,
2018-09-30,Khargone,,8026.52,
2018-10-31,Khargone,,8026.52,
2018-11-30,Khargone,,8026.52,
2018-12-31,Khargone,,8026.52,
2018-01-31,Kishanganj,1929.125,,
2018-02-28,Kishanganj,1929.125,,
2018-03-31,Kishanganj,1929.125,,
2018-04-30,Kishanganj,1929.125,,
2018-05-31,Kishanganj,1929.125,,
2018-06-30,Kishanganj,1929.125,,
2018-07-31,Kishanganj,1929.125,,
2018-08-31,Kishanganj,1929.125,,
2018-09-30,Kishanganj,1929.125,,
2018-10-31,Kishanganj,1929.125,,
2018-11-30,Kishanganj,1929.125,,
2018-12-31,Kishanganj,1929.125,,
2018-01-31,Lakhisarai,1220.701,,
2018-02-28,Lakhisarai,1220.701,,
2018-03-31,Lakhisarai,1220.701,,
2018-04-30,Lakhisarai,1220.701,,
2018-05-31,Lakhisarai,1220.701,,
2018-06-30,Lakhisarai,1220.701,,
2018-07-31,Lakhisarai,1220.701,,
2018-08-31,Lakhisarai,1220.701,,
2018-09-30,Lakhisarai,1220.701,,
2018-10-31,Lakhisarai,1220.701,,
2018-11-30,Lakhisarai,1220.701,,
2018-12-31,Lakhisarai,1220.701,,
2018-01-31,Madhepura,1807.633,,
2018-02-28,Madhepura,1807.633,,
2018-03-31,Madhepura,1807.633,,
2018-04-30,Madhepura,1807.633,,
2018-05-31,Madhepura,1807.633,,
2018-06-30,Madhepura,1807.633,,
2018-07-31,Madhepura,1807.633,,
2018-08-31,Madhepura,1807.633,,
2018-09-30,Madhepura,1807.633,,
2018-10-31,Madhepura,1807.633,,
2018-11-30,Madhepura,1807.633,,
2018-12-31,Madhepura,1807.633,,
2018-01-31,Madhubani,3501.31,,
2018-02-28,Madhubani,3501.31,,
2018-03-31,Madhubani,3501.31,,
2018-04-30,Madhubani,3501.31,,
2018-05-31,Madhubani,3501.31,,
2018-06-30,Madhubani,3501.31,,
2018-07-31,Madhubani,3501.31,,
2018-08-31,Madhubani,3501.31,,
2018-09-30,Madhubani,3501.31,,
2018-10-31,Madhubani,3501.31,,
2018-11-30,Madhubani,3501.31,,
2018-12-31,Madhubani,3501.31,,
2018-01-01,Mandla,,,7512.04
2018-01-17,Mandla,,,7512.04
2018-01-31,Mandla,,7512.04,
2018-02-02,Mandla,,,7512.04
2018-02-18,Mandla,,,7512.04
2018-02-28,Mandla,,7512.04,
2018-03-06,Mandla,,,7512.04
2018-03-22,Mandla,,,7512.04
2018-04-07,Mandla,,,7512.04
2018-04-23,Mandla,,,7512.04
2018-04-30,Mandla,,7512.04,
2018-05-09,Mandla,,,7512.04
2018-05-25,Mandla,,,7512.04
2018-05-31,Mandla,,7512.04,
2018-06-10,Mandla,,,7512.04
2018-06-26,Mandla,,,7512.04
2018-06-30,Mandla,,7512.04,
2018-07-31,Mandla,,7512.04,
2018-08-31,Mandla,,7512.04,
2018-09-30,Mandla,,7512.04,
2018-10-31,Mandla,,7512.04,
2018-11-30,Mandla,,7512.04,
2018-12-31,Mandla,,7512.04,
2018-01-01,Mandsaur,,,5551.73
2018-01-17,Mandsaur,,,5551.73
2018-01-31,Mandsaur,,5551.73,
2018-02-02,Mandsaur,,,5551.73
2018-02-18,Mandsaur,,,5551.73
2018-02-28,Mandsaur,,5551.73,
2018-03-06,Mandsaur,,,5551.73
2018-03-22,Mandsaur,,,5551.73
2018-04-07,Mandsaur,,,5551.73
2018-04-23,Mandsaur,,,5551.73
2018-04-30,Mandsaur,,5551.73,
2018-05-09,Mandsaur,,,5551.73
2018-05-25,Mandsaur,,,5551.73
2018-05-31,Mandsaur,,5551.73,
2018-06-10,Mandsaur,,,5551.73
2018-06-26,Mandsaur,,,5551.73
2018-06-30,Mandsaur,,5551.73,
2018-07-31,Mandsaur,,5551.73,
2018-08-31,Mandsaur,,5551.73,
2018-09-30,Mandsaur,,5551.73,
2018-10-31,Mandsaur,,5551.73,
2018-11-30,Mandsaur,,5551.73,
2018-12-31,Mandsaur,,5551.73,
2018-01-01,Morena,,,4986.39
2018-01-17,Morena,,,4986.39
2018-01-31,Morena,,4986.39,
2018-02-02,Morena,,,4986.39
2018-02-18,Morena,,,4986.39
2018-02-28,Morena,,4986.39,
2018-03-06,Morena,,,4986.39
2018-03-22,Morena,,,4986.39
2018-04-07,Morena,,,4986.39
2018-04-23,Morena,,,4986.39
2018-04-30,Morena,,4986.39,
2018-05-09,Morena,,,4986.39
2018-05-25,Morena,,,4986.39
2018-05-31,Morena,,4986.39,
2018-06-10,Morena,,,4986.39
2018-06-26,Morena,,,4986.39
2018-06-30,Morena,,4986.39,
2018-07-31,Morena,,4986.39,
2018-08-31,Morena,,4986.39,
2018-09-30,Morena,,4986.39,
2018-10-31,Morena,,4986.39,
2018-11-30,Morena,,4986.39,
2018-12-31,Morena,,4986.39,
2018-01-31,Munger,1411.514,,
2018-02-28,Munger,1411.514,,
2018-03-31,Munger,1411.514,,
2018-04-30,Munger,1411.514,,
2018-05-31,Munger,1411.514,,
2018-06-30,Munger,1411.514,,
2018-07-31,Munger,1411.514,,
2018-08-31,Munger,1411.514,,
2018-09-30,Munger,1411.514,,
2018-10-31,Munger,1411.514,,
2018-11-30,Munger,1411.514,,
2018-12-31,Munger,1411.514,,
2018-01-31,Muzaffarpur,3178.856,,
2018-02-28,Muzaffarpur,3178.856,,
2018-03-31,Muzaffarpur,3178.856,,
2018-04-30,Muzaffarpur,3178.856,,
2018-05-31,Muzaffarpur,3178.856,,
2018-06-30,Muzaffarpur,3178.856,,
2018-07-31,Muzaffarpur,3178.856,,
2018-08-31,Muzaffarpur,3178.856,,
2018-09-30,Muzaffarpur,3178.856,,
2018-10-31,Muzaffarpur,3178.856,,
2018-11-30,Muzaffarpur,3178.856,,
2018-12-31,Muzaffarpur,3178.856,,
2018-01-31,Nalanda,2368.448,,
2018-02-28,Nalanda,2368.448,,
2018-03-31,Nalanda,2368.448,,
2018-04-30,Nalanda,2368.448,,
2018-05-31,Nalanda,2368.448,,
2018-06-30,Nalanda,2368.448,,
2018-07-31,Nalanda,2368.448,,
2018-08-31,Nalanda,2368.448,,
2018-09-30,Nalanda,2368.448,,
2018-10-31,Nalanda,2368.448,,
2018-11-30,Nalanda,2368.448,,
2018-12-31,Nalanda,2368.448,,
2018-01-01,Narmadapuram,,,6685.97
2018-01-17,Narmadapuram,,,6685.97
2018-01-31,Narmadapuram,,6685.97,
2018-02-02,Narmadapuram,,,6685.97
2018-02-18,Narmadapuram,,,6685.97
2018-02-28,Narmadapuram,,6685.97,
2018-03-06,Narmadapuram,,,6685.97
2018-03-22,Narmadapuram,,,6685.97
2018-04-07,Narmadapuram,,,6685.97
2018-04-23,Narmadapuram,,,6685.97
2018-04-30,Narmadapuram,,6685.97,
2018-05-09,Narmadapuram,,,6685.97
2018-05-25,Narmadapuram,,,6685.97
2018-05-31,Narmadapuram,,6685.97,
2018-06-10,Narmadapuram,,,6685.97
2018-06-26,Narmadapuram,,,6685.97
2018-06-30,Narmadapuram,,6685.97,
2018-07-31,Narmadapuram,,6685.97,
2018-08-31,Narmadapuram,,6685.97,
2018-09-30,Narmadapuram,,6685.97,
2018-10-31,Narmadapuram,,6685.97,
2018-11-30,Narmadapuram,,6685.97,
2018-12-31,Narmadapuram,,6685.97,
2018-01-01,Narsinghpur,,,5135.6
2018-01-17,Narsinghpur,,,5135.6
2018-01-31,Narsinghpur,,5135.6,
2018-02-02,Narsinghpur,,,5135.6
2018-02-18,Narsinghpur,,,5135.6
2018-02-28,Narsinghpur,,5135.6,
2018-03-06,Narsinghpur,,,5135.6
2018-03-22,Narsinghpur,,,5135.6
2018-04-07,Narsinghpur,,,5135.6
2018-04-23,Narsinghpur,,,5135.6
2018-04-30,Narsinghpur,,5135.6,
2018-05-09,Narsinghpur,,,5135.6
2018-05-25,Narsinghpur,,,5135.6
2018-05-31,Narsinghpur,,5135.6,
2018-06-10,Narsinghpur,,,5135.6
2018-06-26,Narsinghpur,,,5135.6
2018-06-30,Narsinghpur,,5135.6,
2018-07-31,Narsinghpur,,5135.6,
2018-08-31,Narsinghpur,,5135.6,
2018-09-30,Narsinghpur,,5135.6,
2018-10-31,Narsinghpur,,5135.6,
2018-11-30,Narsinghpur,,5135.6,
2018-12-31,Narsinghpur,,5135.6,
2018-01-31,Nawada,2491.699,,
2018-02-28,Nawada,2491.699,,
2018-03-31,Nawada,2491.699,,
2018-04-30,Nawada,2491.699,,
2018-05-31,Nawada,2491.699,,
2018-06-30,Nawada,2491.699,,
2018-07-31,Nawada,2491.699,,
2018-08-31,Nawada,2491.699,,
2018-09-30,Nawada,2491.699,,
2018-10-31,Nawada,2491.699,,
2018-11-30,Nawada,2491.699,,
2018-12-31,Nawada,2491.699,,
2018-01-01,Neemuch,,,4290.8
2018-01-17,Neemuch,,,4290.8
2018-01-31,Neemuch,,4290.8,
2018-02-02,Neemuch,,,4290.8
2018-02-18,Neemuch,,,4290.8
2018-02-28,Neemuch,,4290.8,
2018-03-06,Neemuch,,,4290.8
2018-03-22,Neemuch,,,4290.8
2018-04-07,Neemuch,,,4290.8
2018-04-23,Neemuch,,,4290.8
2018-04-30,Neemuch,,4290.8,
2018-05-09,Neemuch,,,4290.8
2018-05-25,Neemuch,,,4290.8
2018-05-31,Neemuch,,4290.8,
2018-06-10,Neemuch,,,4290.8
2018-06-26,Neemuch,,,4290.8
2018-06-30,Neemuch,,4290.8,
2018-07-31,Neemuch,,4290.8,
2018-08-31,Neemuch,,4290.8,
2018-09-30,Neemuch,,4290.8,
2018-10-31,Neemuch,,4290.8,
2018-11-30,Neemuch,,4290.8,
2018-12-31,Neemuch,,4290.8,
2018-01-01,Niwari,,,1322.31
2018-01-17,Niwari,,,1322.31
2018-01-31,Niwari,,1322.31,
2018-02-02,Niwari,,,1322.31
2018-02-18,Niwari,,,1322.31
2018-02-28,Niwari,,1322.31,
2018-03-06,Niwari,,,1322.31
2018-03-22,Niwari,,,1322.31
2018-04-07,Niwari,,,1322.31
2018-04-23,Niwari,,,1322.31
2018-04-30,Niwari,,1322.31,
2018-05-09,Niwari,,,1322.31
2018-05-25,Niwari,,,1322.31
2018-05-31,Niwari,,1322.31,
2018-06-10,Niwari,,,1322.31
2018-06-26,Niwari,,,1322.31
2018-06-30,Niwari,,1322.31,
2018-07-31,Niwari,,1322.31,
2018-08-31,Niwari,,1322.31,
2018-09-30,Niwari,,1322.31,
2018-10-31,Niwari,,1322.31,
2018-11-30,Niwari,,1322.31,
2018-12-31,Niwari,,1322.31,
2018-01-01,Panna,,,7099.13
2018-01-17,Panna,,,7099.13
2018-01-31,Panna,,7099.13,
2018-02-02,Panna,,,7099.13
2018-02-18,Panna,,,7099.13
2018-02-28,Panna,,7099.13,
2018-03-06,Panna,,,7099.13
2018-03-22,Panna,,,7099.13
2018-04-07,Panna,,,7099.13
2018-04-23,Panna,,,7099.13
2018-04-30,Panna,,7099.13,
2018-05-09,Panna,,,7099.13
2018-05-25,Panna,,,7099.13
2018-05-31,Panna,,7099.13,
2018-06-10,Panna,,,7099.13
2018-06-26,Panna,,,7099.13
2018-06-30,Panna,,7099.13,
2018-07-31,Panna,,7099.13,
2018-08-31,Panna,,7099.13,
2018-09-30,Panna,,7099.13,
2018-10-31,Panna,,7099.13,
2018-11-30,Panna,,7099.13,
2018-12-31,Panna,,7099.13,
2018-01-31,Pashchim Champaran,5229.842,,
2018-02-28,Pashchim Champaran,5229.842,,
2018-03-31,Pashchim Champaran,5229.842,,
2018-04-30,Pashchim Champaran,5229.842,,
2018-05-31,Pashchim Champaran,5229.842,,
2018-06-30,Pashchim Champaran,5229.842,,
2018-07-31,Pashchim Champaran,5229.842,,
2018-08-31,Pashchim Champaran,5229.842,,
2018-09-30,Pashchim Champaran,5229.842,,
2018-10-31,Pashchim Champaran,5229.842,,
2018-11-30,Pashchim Champaran,5229.842,,
2018-12-31,Pashchim Champaran,5229.842,,
2018-01-31,Patna,3195.092,,
2018-02-28,Patna,3195.092,,
2018-03-31,Patna,3195.092,,
2018-04-30,Patna,3195.092,,
2018-05-31,Patna,3195.092,,
2018-06-30,Patna,3195.092,,
2018-07-31,Patna,3195.092,,
2018-08-31,Patna,3195.092,,
2018-09-30,Patna,3195.092,,
2018-10-31,Patna,3195.092,,
2018-11-30,Patna,3195.092,,
2018-12-31,Patna,3195.092,,
2018-01-31,Purbi Champaran,3972.141,,
2018-02-28,Purbi Champaran,3972.141,,
2018-03-31,Purbi Champaran,3972.141,,
2018-04-30,Purbi Champaran,3972.141,,
2018-05-31,Purbi Champaran,3972.141,,
2018-06-30,Purbi Champaran,3972.141,,
2018-07-31,Purbi Champaran,3972.141,,
2018-08-31,Purbi Champaran,3972.141,,
2018-09-30,Purbi Champaran,3972.141,,
2018-10-31,Purbi Champaran,3972.141,,
2018-11-30,Purbi Champaran,3972.141,,
2018-12-31,Purbi Champaran,3972.141,,
2018-01-31,Purnia,3229.41,,
2018-02-28,Purnia,3229.41,,
2018-03-31,Purnia,3229.41,,
2018-04-30,Purnia,3229.41,,
2018-05-31,Purnia,3229.41,,
2018-06-30,Purnia,3229.41,,
2018-07-31,Purnia,3229.41,,
2018-08-31,Purnia,3229.41,,
2018-09-30,Purnia,3229.41,,
2018-10-31,Purnia,3229.41,,
2018-11-30,Purnia,3229.41,,
2018-12-31,Purnia,3229.41,,
2018-01-01,Raisen,,,8477.49
2018-01-17,Raisen,,,8477.49
2018-01-31,Raisen,,8477.49,
2018-02-02,Raisen,,,8477.49
2018-02-18,Raisen,,,8477.49
2018-02-28,Raisen,,8477.49,
2018-03-06,Raisen,,,8477.49
2018-03-22,Raisen,,,8477.49
2018-04-07,Raisen,,,8477.49
2018-04-23,Raisen,,,8477.49
2018-04-30,Raisen,,8477.49,
2018-05-09,Raisen,,,8477.49
2018-05-25,Raisen,,,8477.49
2018-05-31,Raisen,,8477.49,
2018-06-10,Raisen,,,8477.49
2018-06-26,Raisen,,,8477.49
2018-06-30,Raisen,,8477.49,
2018-07-31,Raisen,,8477.49,
2018-08-31,Raisen,,8477.49,
2018-09-30,Raisen,,8477.49,
2018-10-31,Raisen,,8477.49,
2018-11-30,Raisen,,8477.49,
2018-12-31,Raisen,,8477.49,
2018-01-01,Rajgarh,,,6166.83
2018-01-17,Rajgarh,,,6166.83
2018-01-31,Rajgarh,,6166.83,
2018-02-02,Rajgarh,,,6166.83
2018-02-18,Rajgarh,,,6166.83
2018-02-28,Rajgarh,,6166.83,
2018-03-06,Rajgarh,,,6166.83
2018-03-22,Rajgarh,,,6166.83
2018-04-07,Rajgarh,,,6166.83
2018-04-23,Rajgarh,,,6166.83
2018-04-30,Rajgarh,,6166.83,
2018-05-09,Rajgarh,,,6166.83
2018-05-25,Rajgarh,,,6166.83
2018-05-31,Rajgarh,,6166.83,
2018-06-10,Rajgarh,,,6166.83
2018-06-26,Rajgarh,,,6166.83
2018-06-30,Rajgarh,,6166.83,
2018-07-31,Rajgarh,,6166.83,
2018-08-31,Rajgarh,,6166.83,
2018-09-30,Rajgarh,,6166.83,
2018-10-31,Rajgarh,,6166.83,
2018-11-30,Rajgarh,,6166.83,
2018-12-31,Rajgarh,,6166.83,
2018-01-01,Ratlam,,,4857.4
2018-01-17,Ratlam,,,4857.4
2018-01-31,Ratlam,,4857.4,
2018-02-02,Ratlam,,,4857.4
2018-02-18,Ratlam,,,4857.4
2018-02-28,Ratlam,,4857.4,
2018-03-06,Ratlam,,,4857.4
2018-03-22,Ratlam,,,4857.4
2018-04-07,Ratlam,,,4857.4
2018-04-23,Ratlam,,,4857.4
2018-04-30,Ratlam,,4857.4,
2018-05-09,Ratlam,,,4857.4
2018-05-25,Ratlam,,,4857.4
2018-05-31,Ratlam,,4857.4,
2018-06-10,Ratlam,,,4857.4
2018-06-26,Ratlam,,,4857.4
2018-06-30,Ratlam,,4857.4,
2018-07-31,Ratlam,,4857.4,
2018-08-31,Ratlam,,4857.4,
2018-09-30,Ratlam,,4857.4,
2018-10-31,Ratlam,,4857.4,
2018-11-30,Ratlam,,4857.4,
2018-12-31,Ratlam,,4857.4,
2018-01-01,Rewa,,,6297.64
2018-01-17,Rewa,,,6297.64
2018-01-31,Rewa,,6297.64,
2018-02-02,Rewa,,,6297.64
2018-02-18,Rewa,,,6297.64
2018-02-28,Rewa,,6297.64,
2018-03-06,Rewa,,,6297.64
2018-03-22,Rewa,,,6297.64
2018-04-07,Rewa,,,6297.64
2018-04-23,Rewa,,,6297.64
2018-04-30,Rewa,,6297.64,
2018-05-09,Rewa,,,6297.64
2018-05-25,Rewa,,,6297.64
2018-05-31,Rewa,,6297.64,
2018-06-10,Rewa,,,6297.64
2018-06-26,Rewa,,,6297.64
2018-06-30,Rewa,,6297.64,
2018-07-31,Rewa,,6297.64,
2018-08-31,Rewa,,6297.64,
2018-09-30,Rewa,,6297.64,
2018-10-31,Rewa,,6297.64,
2018-11-30,Rewa,,6297.64,
2018-12-31,Rewa,,6297.64,
2018-01-31,Rohtas,3846.647,,
2018-02-28,Rohtas,3846.647,,
2018-03-31,Rohtas,3846.647,,
2018-04-30,Rohtas,3846.647,,
2018-05-31,Rohtas,3846.647,,
2018-06-30,Rohtas,3846.647,,
2018-07-31,Rohtas,3846.647,,
2018-08-31,Rohtas,3846.647,,
2018-09-30,Rohtas,3846.647,,
2018-10-31,Rohtas,3846.647,,
2018-11-30,Rohtas,3846.647,,
2018-12-31,Rohtas,3846.647,,
2018-01-01,Sagar,,,10267.71
2018-01-17,Sagar,,,10267.71
2018-01-31,Sagar,,10267.71,
2018-02-02,Sagar,,,10267.71
2018-02-18,Sagar,,,10267.71
2018-02-28,Sagar,,10267.71,
2018-03-06,Sagar,,,10267.71
2018-03-22,Sagar,,,10267.71
2018-04-07,Sagar,,,10267.71
2018-04-23,Sagar,,,10267.71
2018-04-30,Sagar,,10267.71,
2018-05-09,Sagar,,,10267.71
2018-05-25,Sagar,,,10267.71
2018-05-31,Sagar,,10267.71,
2018-06-10,Sagar,,,10267.71
2018-06-26,Sagar,,,10267.71
2018-06-30,Sagar,,10267.71,
2018-07-31,Sagar,,10267.71,
2018-08-31,Sagar,,10267.71,
2018-09-30,Sagar,,10267.71,
2018-10-31,Sagar,,10267.71,
2018-11-30,Sagar,,10267.71,
2018-12-31,Sagar,,10267.71,
2018-01-31,Saharsa,1668.347,,
2018-02-28,Saharsa,1668.347,,
2018-03-31,Saharsa,1668.347,,
2018-04-30,Saharsa,1668.347,,
2018-05-31,Saharsa,1668.347,,
2018-06-30,Saharsa,1668.347,,
2018-07-31,Saharsa,1668.347,,
2018-08-31,Saharsa,1668.347,,
2018-09-30,Saharsa,1668.347,,
2018-10-31,Saharsa,1668.347,,
2018-11-30,Saharsa,1668.347,,
2018-12-31,Saharsa,1668.347,,
2018-01-31,Samastipur,2673.874,,
2018-02-28,Samastipur,2673.874,,
2018-03-31,Samastipur,2673.874,,
2018-04-30,Samastipur,2673.874,,
2018-05-31,Samastipur,2673.874,,
2018-06-30,Samastipur,2673.874,,
2018-07-31,Samastipur,2673.874,,
2018-08-31,Samastipur,2673.874,,
2018-09-30,Samastipur,2673.874,,
2018-10-31,Samastipur,2673.874,,
2018-11-30,Samastipur,2673.874,,
2018-12-31,Samastipur,2673.874,,
2018-01-31,Saran,2641.11,,
2018-02-28,Saran,2641.11,,
2018-03-31,Saran,2641.11,,
2018-04-30,Saran,2641.11,,
2018-05-31,Saran,2641.11,,
2018-06-30,Saran,2641.11,,
2018-07-31,Saran,2641.11,,
2018-08-31,Saran,2641.11,,
2018-09-30,Saran,2641.11,,
2018-10-31,Saran,2641.11,,
2018-11-30,Saran,2641.11,,
2018-12-31,Saran,2641.11,,
2018-01-01,Satna,,,7525.17
2018-01-17,Satna,,,7525.17
2018-01-31,Satna,,7525.17,
2018-02-02,Satna,,,7525.17
2018-02-18,Satna,,,7525.17
2018-02-28,Satna,,7525.17,
2018-03-06,Satna,,,7525.17
2018-03-22,Satna,,,7525.17
2018-04-07,Satna,,,7525.17
2018-04-23,Satna,,,7525.17
2018-04-30,Satna,,7525.17,
2018-05-09,Satna,,,7525.17
2018-05-25,Satna,,,7525.17
2018-05-31,Satna,,7525.17,
2018-06-10,Satna,,,7525.17
2018-06-26,Satna,,,7525.17
2018-06-30,Satna,,7525.17,
2018-07-31,Satna,,7525.17,
2018-08-31,Satna,,7525.17,
2018-09-30,Satna,,7525.17,
2018-10-31,Satna,,7525.17,
2018-11-30,Satna,,7525.17,
2018-12-31,Satna,,7525.17,
2018-01-01,Sehore,,,6568.53
2018-01-17,Sehore,,,6568.53
2018-01-31,Sehore,,6568.53,
2018-02-02,Sehore,,,6568.53
2018-02-18,Sehore,,,6568.53
2018-02-28,Sehore,,6568.53,
2018-03-06,Sehore,,,6568.53
2018-03-22,Sehore,,,6568.53
2018-04-07,Sehore,,,6568.53
2018-04-23,Sehore,,,6568.53
2018-04-30,Sehore,,6568.53,
2018-05-09,Sehore,,,6568.53
2018-05-25,Sehore,,,6568.53
2018-05-31,Sehore,,6568.53,
2018-06-10,Sehore,,,6568.53
2018-06-26,Sehore,,,6568.53
2018-06-30,Sehore,,6568.53,
2018-07-31,Sehore,,6568.53,
2018-08-31,Sehore,,6568.53,
2018-09-30,Sehore,,6568.53,
2018-10-31,Sehore,,6568.53,
2018-11-30,Sehore,,6568.53,
2018-12-31,Sehore,,6568.53,
2018-01-01,Seoni,,,8760.59
2018-01-17,Seoni,,,8760.59
2018-01-31,Seoni,,8760.59,
2018-02-02,Seoni,,,8760.59
2018-02-18,Seoni,,,8760.59
2018-02-28,Seoni,,8760.59,
2018-03-06,Seoni,,,8760.59
2018-03-22,Seoni,,,8760.59
2018-04-07,Seoni,,,8760.59
2018-04-23,Seoni,,,8760.59
2018-04-30,Seoni,,8760.59,
2018-05-09,Seoni,,,8760.59
2018-05-25,Seoni,,,8760.59
2018-05-31,Seoni,,8760.59,
2018-06-10,Seoni,,,8760.59
2018-06-26,Seoni,,,8760.59
2018-06-30,Seoni,,8760.59,
2018-07-31,Seoni,,8760.59,
2018-08-31,Seoni,,8760.59,
2018-09-30,Seoni,,8760.59,
2018-10-31,Seoni,,8760.59,
2018-11-30,Seoni,,8760.59,
2018-12-31,Seoni,,8760.59,
2018-01-01,Shahdol,,,5680.67
2018-01-17,Shahdol,,,5680.67
2018-01-31,Shahdol,,5680.67,
2018-02-02,Shahdol,,,5680.67
2018-02-18,Shahdol,,,5680.67
2018-02-28,Shahdol,,5680.67,
2018-03-06,Shahdol,,,5680.67
2018-03-22,Shahdol,,,5680.67
2018-04-07,Shahdol,,,5680.67
2018-04-23,Shahdol,,,5680.67
2018-04-30,Shahdol,,5680.67,
2018-05-09,Shahdol,,,5680.67
2018-05-25,Shahdol,,,5680.67
2018-05-31,Shahdol,,5680.67,
2018-06-10,Shahdol,,,5680.67
2018-06-26,Shahdol,,,5680.67
2018-06-30,Shahdol,,5680.67,
2018-07-31,Shahdol,,5680.67,
2018-08-31,Shahdol,,5680.67,
2018-09-30,Shahdol,,5680.67,
2018-10-31,Shahdol,,5680.67,
2018-11-30,Shahdol,,5680.67,
2018-12-31,Shahdol,,5680.67,
2018-01-01,Shajapur,,,3462.12
2018-01-17,Shajapur,,,3462.12
2018-01-31,Shajapur,,3462.12,
2018-02-02,Shajapur,,,3462.12
2018-02-18,Shajapur,,,3462.12
2018-02-28,Shajapur,,3462.12,
2018-03-06,Shajapur,,,3462.12
2018-03-22,Shajapur,,,3462.12
2018-04-07,Shajapur,,,3462.12
2018-04-23,Shajapur,,,3462.12
2018-04-30,Shajapur,,3462.12,
2018-05-09,Shajapur,,,3462.12
2018-05-25,Shajapur,,,3462.12
2018-05-31,Shajapur,,3462.12,
2018-06-10,Shajapur,,,3462.12
2018-06-26,Shajapur,,,3462.12
2018-06-30,Shajapur,,3462.12,
2018-07-31,Shajapur,,3462.12,
2018-08-31,Shajapur,,3462.12,
2018-09-30,Shajapur,,3462.12,
2018-10-31,Shajapur,,3462.12,
2018-11-30,Shajapur,,3462.12,
2018-12-31,Shajapur,,3462.12,
2018-01-31,Sheikhpura,678.588,,
2018-02-28,Sheikhpura,678.588,,
2018-03-31,Sheikhpura,678.588,,
2018-04-30,Sheikhpura,678.588,,
2018-05-31,Sheikhpura,678.588,,
2018-06-30,Sheikhpura,678.588,,
2018-07-31,Sheikhpura,678.588,,
2018-08-31,Sheikhpura,678.588,,
2018-09-30,Sheikhpura,678.588,,
2018-10-31,Sheikhpura,678.588,,
2018-11-30,Sheikhpura,678.588,,
2018-12-31,Sheikhpura,678.588,,
2018-01-31,Sheohar,444.561,,
2018-02-28,Sheohar,444.561,,
2018-03-31,Sheohar,444.561,,
2018-04-30,Sheohar,444.561,,
2018-05-31,Sheohar,444.561,,
2018-06-30,Sheohar,444.561,,
2018-07-31,Sheohar,444.561,,
2018-08-31,Sheohar,444.561,,
2018-09-30,Sheohar,444.561,,
2018-10-31,Sheohar,444.561,,
2018-11-30,Sheohar,444.561,,
2018-12-31,Sheohar,444.561,,
2018-01-01,Sheopur,,,6615.72
2018-01-17,Sheopur,,,6615.72
2018-01-31,Sheopur,,6615.72,
2018-02-02,Sheopur,,,6615.72
2018-02-18,Sheopur,,,6615.72
2018-02-28,Sheopur,,6615.72,
2018-03-06,Sheopur,,,6615.72
2018-03-22,Sheopur,,,6615.72
2018-04-07,Sheopur,,,6615.72
2018-04-23,Sheopur,,,6615.72
2018-04-30,Sheopur,,6615.72,
2018-05-09,Sheopur,,,6615.72
2018-05-25,Sheopur,,,6615.72
2018-05-31,Sheopur,,6615.72,
2018-06-10,Sheopur,,,6615.72
2018-06-26,Sheopur,,,6615.72
2018-06-30,Sheopur,,6615.72,
2018-07-31,Sheopur,,6615.72,
2018-08-31,Sheopur,,6615.72,
2018-09-30,Sheopur,,6615.72,
2018-10-31,Sheopur,,6615.72,
2018-11-30,Sheopur,,6615.72,
2018-12-31,Sheopur,,6615.72,
2018-01-01,Shivpuri,,,10285.38
2018-01-17,Shivpuri,,,10285.38
2018-01-31,Shivpuri,,10285.38,
2018-02-02,Shivpuri,,,10285.38
2018-02-18,Shivpuri,,,10285.38
2018-02-28,Shivpuri,,10285.38,
2018-03-06,Shivpuri,,,10285.38
2018-03-22,Shivpuri,,,10285.38
2018-04-07,Shivpuri,,,10285.38
2018-04-23,Shivpuri,,,10285.38
2018-04-30,Shivpuri,,10285.38,
2018-05-09,Shivpuri,,,10285.38
2018-05-25,Shivpuri,,,10285.38
2018-05-31,Shivpuri,,10285.38,
2018-06-10,Shivpuri,,,10285.38
2018-06-26,Shivpuri,,,10285.38
2018-06-30,Shivpuri,,10285.38,
2018-07-31,Shivpuri,,10285.38,
2018-08-31,Shivpuri,,10285.38,
2018-09-30,Shivpuri,,10285.38,
2018-10-31,Shivpuri,,10285.38,
2018-11-30,Shivpuri,,10285.38,
2018-12-31,Shivpuri,,10285.38,
2018-01-01,Sidhi,,,4775.73
2018-01-17,Sidhi,,,4775.73
2018-01-31,Sidhi,,4775.73,
2018-02-02,Sidhi,,,4775.73
2018-02-18,Sidhi,,,4775.73
2018-02-28,Sidhi,,4775.73,
2018-03-06,Sidhi,,,4775.73
2018-03-22,Sidhi,,,4775.73
2018-04-07,Sidhi,,,4775.73
2018-04-23,Sidhi,,,4775.73
2018-04-30,Sidhi,,4775.73,
2018-05-09,Sidhi,,,4775.73
2018-05-25,Sidhi,,,4775.73
2018-05-31,Sidhi,,4775.73,
2018-06-10,Sidhi,,,4775.73
2018-06-26,Sidhi,,,4775.73
2018-06-30,Sidhi,,4775.73,
2018-07-31,Sidhi,,4775.73,
2018-08-31,Sidhi,,4775.73,
2018-09-30,Sidhi,,4775.73,
2018-10-31,Sidhi,,4775.73,
2018-11-30,Sidhi,,4775.73,
2018-12-31,Sidhi,,4775.73,
2018-01-01,Singrauli,,,5766.07
2018-01-17,Singrauli,,,5766.07
2018-01-31,Singrauli,,5766.07,
2018-02-02,Singrauli,,,5766.07
2018-02-18,Singrauli,,,5766.07
2018-02-28,Singrauli,,5766.07,
2018-03-06,Singrauli,,,5766.07
2018-03-22,Singrauli,,,5766.07
2018-04-07,Singrauli,,,5766.07
2018-04-23,Singrauli,,,5766.07
2018-04-30,Singrauli,,5766.07,
2018-05-09,Singrauli,,,5766.07
2018-05-25,Singrauli,,,5766.07
2018-05-31,Singrauli,,5766.07,
2018-06-10,Singrauli,,,5766.07
2018-06-26,Singrauli,,,5766.07
2018-06-30,Singrauli,,5766.07,
2018-07-31,Singrauli,,5766.07,
2018-08-31,Singrauli,,5766.07,
2018-09-30,Singrauli,,5766.07,
2018-10-31,Singrauli,,5766.07,
2018-11-30,Singrauli,,5766.07,
2018-12-31,Singrauli,,5766.07,
2018-01-31,Sitamarhi,2189.648,,
2018-02-28,Sitamarhi,2189.648,,
2018-03-31,Sitamarhi,2189.648,,
2018-04-30,Sitamarhi,2189.648,,
2018-05-31,Sitamarhi,2189.648,,
2018-06-30,Sitamarhi,2189.648,,
2018-07-31,Sitamarhi,2189.648,,
2018-08-31,Sitamarhi,2189.648,,
2018-09-30,Sitamarhi,2189.648,,
2018-10-31,Sitamarhi,2189.648,,
2018-11-30,Sitamarhi,2189.648,,
2018-12-31,Sitamarhi,2189.648,,
2018-01-31,Siwan,2220.292,,
2018-02-28,Siwan,2220.292,,
2018-03-31,Siwan,2220.292,,
2018-04-30,Siwan,2220.292,,
2018-05-31,Siwan,2220.292,,
2018-06-30,Siwan,2220.292,,
2018-07-31,Siwan,2220.292,,
2018-08-31,Siwan,2220.292,,
2018-09-30,Siwan,2220.292,,
2018-10-31,Siwan,2220.292,,
2018-11-30,Siwan,2220.292,,
2018-12-31,Siwan,2220.292,,
2018-01-31,Supaul,2421.481,,
2018-02-28,Supaul,2421.481,,
2018-03-31,Supaul,2421.481,,
2018-04-30,Supaul,2421.481,,
2018-05-31,Supaul,2421.481,,
2018-06-30,Supaul,2421.481,,
2018-07-31,Supaul,2421.481,,
2018-08-31,Supaul,2421.481,,
2018-09-30,Supaul,2421.481,,
2018-10-31,Supaul,2421.481,,
2018-11-30,Supaul,2421.481,,
2018-12-31,Supaul,2421.481,,
2018-01-01,Tikamgarh,,,3723.07
2018-01-17,Tikamgarh,,,3723.07
2018-01-31,Tikamgarh,,3723.07,
2018-02-02,Tikamgarh,,,3723.07
2018-02-18,Tikamgarh,,,3723.07
2018-02-28,Tikamgarh,,3723.07,
2018-03-06,Tikamgarh,,,3723.07
2018-03-22,Tikamgarh,,,3723.07
2018-04-07,Tikamgarh,,,3723.07
2018-04-23,Tikamgarh,,,3723.07
2018-04-30,Tikamgarh,,3723.07,
2018-05-09,Tikamgarh,,,3723.07
2018-05-25,Tikamgarh,,,3723.07
2018-05-31,Tikamgarh,,3723.07,
2018-06-10,Tikamgarh,,,3723.07
2018-06-26,Tikamgarh,,,3723.07
2018-06-30,Tikamgarh,,3723.07,
2018-07-31,Tikamgarh,,3723.07,
2018-08-31,Tikamgarh,,3723.07,
2018-09-30,Tikamgarh,,3723.07,
2018-10-31,Tikamgarh,,3723.07,
2018-11-30,Tikamgarh,,3723.07,
2018-12-31,Tikamgarh,,3723.07,
2018-01-01,Ujjain,,,6101.55
2018-01-17,Ujjain,,,6101.55
2018-01-31,Ujjain,,6101.55,
2018-02-02,Ujjain,,,6101.55
2018-02-18,Ujjain,,,6101.55
2018-02-28,Ujjain,,6101.55,
2018-03-06,Ujjain,,,6101.55
2018-03-22,Ujjain,,,6101.55
2018-04-07,Ujjain,,,6101.55
2018-04-23,Ujjain,,,6101.55
2018-04-30,Ujjain,,6101.55,
2018-05-09,Ujjain,,,6101.55
2018-05-25,Ujjain,,,6101.55
2018-05-31,Ujjain,,6101.55,
2018-06-10,Ujjain,,,6101.55
2018-06-26,Ujjain,,,6101.55
2018-06-30,Ujjain,,6101.55,
2018-07-31,Ujjain,,6101.55,
2018-08-31,Ujjain,,6101.55,
2018-09-30,Ujjain,,6101.55,
2018-10-31,Ujjain,,6101.55,
2018-11-30,Ujjain,,6101.55,
2018-12-31,Ujjain,,6101.55,
2018-01-01,Umaria,,,4578.34
2018-01-17,Umaria,,,4578.34
2018-01-31,Umaria,,4578.34,
2018-02-02,Umaria,,,4578.34
2018-02-18,Umaria,,,4578.34
2018-02-28,Umaria,,4578.34,
2018-03-06,Umaria,,,4578.34
2018-03-22,Umaria,,,4578.34
2018-04-07,Umaria,,,4578.34
2018-04-23,Umaria,,,4578.34
2018-04-30,Umaria,,4578.34,
2018-05-09,Umaria,,,4578.34
2018-05-25,Umaria,,,4578.34
2018-05-31,Umaria,,4578.34,
2018-06-10,Umaria,,,4578.34
2018-06-26,Umaria,,,4578.34
2018-06-30,Umaria,,4578.34,
2018-07-31,Umaria,,4578.34,
2018-08-31,Umaria,,4578.34,
2018-09-30,Umaria,,4578.34,
2018-10-31,Umaria,,4578.34,
2018-11-30,Umaria,,4578.34,
2018-12-31,Umaria,,4578.34,
2018-01-31,Vaishali,2037.715,,
2018-02-28,Vaishali,2037.715,,
2018-03-31,Vaishali,2037.715,,
2018-04-30,Vaishali,2037.715,,
2018-05-31,Vaishali,2037.715,,
2018-06-30,Vaishali,2037.715,,
2018-07-31,Vaishali,2037.715,,
2018-08-31,Vaishali,2037.715,,
2018-09-30,Vaishali,2037.715,,
2018-10-31,Vaishali,2037.715,,
2018-11-30,Vaishali,2037.715,,
2018-12-31,Vaishali,2037.715,,
2018-01-01,Vidisha,,,7303.57
2018-01-17,Vidisha,,,7303.57
2018-01-31,Vidisha,,7303.57,
2018-02-02,Vidisha,,,7303.57
2018-02-18,Vidisha,,,7303.57
2018-02-28,Vidisha,,7303.57,
2018-03-06,Vidisha,,,7303.57
2018-03-22,Vidisha,,,7303.57
2018-04-07,Vidisha,,,7303.57
2018-04-23,Vidisha,,,7303.57
2018-04-30,Vidisha,,7303.57,
2018-05-09,Vidisha,,,7303.57
2018-05-25,Vidisha,,,7303.57
2018-05-31,Vidisha,,7303.57,
2018-06-10,Vidisha,,,7303.57
2018-06-26,Vidisha,,,7303.57
2018-06-30,Vidisha,,7303.57,
2018-07-31,Vidisha,,7303.57,
2018-08-31,Vidisha,,7303.57,
2018-09-30,Vidisha,,7303.57,
2018-10-31,Vidisha,,7303.57,
2018-11-30,Vidisha,,7303.57,
2018-12-31,Vidisha,,7303.57,
